date_string,publication_date,source_publication,title,external_url,content_type,thumbnail_url,scraped_at,year_scraped
"January 9, 2026",2026-01-09,,NVIDIA Unveils Faster AI Chips Sooner Than Expected,https://www.wsj.com/tech/ai/nvidia-unveils-faster-ai-chips-sooner-than-expected-626154a5,article,https://s3.amazonaws.com/cms.ipressroom.com/219/files/20260/696187733d63320607f423d1_nvidia-rubin-platform/nvidia-rubin-platform_mid.jpg,2026-02-08T18:53:29.542160,2026
"January 9, 2026",2026-01-09,,NVIDIA Details New A.I. Chips and Autonomous Car Project With Mercedes,https://www.nytimes.com/2026/01/05/technology/nvidia-chips-mercedes.html,article,https://s3.amazonaws.com/cms.ipressroom.com/219/files/20260/696187b13d63320603f4215a_CES+Auto/CES+Auto_mid.jpg,2026-02-08T18:53:29.542042,2026
"January 9, 2026",2026-01-09,,"Jensen Huang, NVIDIA CEO: A Fortt Knox CES Update",https://www.youtube.com/live/RoJNO-7HbwQ,video,https://s3.amazonaws.com/cms.ipressroom.com/219/files/20260/696187df3d633205fdf42142_+CES+Jensen/+CES+Jensen_mid.jpg,2026-02-08T18:53:29.541923,2026
"December 19, 2025",2025-12-19,,The Architects of AI Are TIME’s 2025 Person of the Year,https://time.com/7339685/person-of-the-year-2025-ai-architects/,article,https://s3.amazonaws.com/cms.ipressroom.com/219/files/202511/6945de3e3d6332ee60d952e3_jensen-huang-headshot-1/jensen-huang-headshot-1_mid.png,2026-02-08T18:53:23.289852,2025
"November 21, 2025",2025-11-21,,NVIDIA CEO Calls Computing the ‘Fundamental Infrastructure’ of Humanity,https://www.foxbusiness.com/video/6385368290112,article,https://s3.amazonaws.com/cms.ipressroom.com/219/files/20242/660357473d6332c57b36cd35_Jensen+Blackwell+In+the+News/Jensen+Blackwell+In+the+News_mid.jpg,2026-02-08T18:53:23.289983,2025
"November 21, 2025",2025-11-21,,NVIDIA #1: America's Dream Employers 2026,https://www.forbes.com/lists/americas-dream-employers/,article,https://s3.amazonaws.com/cms.ipressroom.com/219/files/20240/65bafb2d3d6332f46edba57a_NVIDIA+Endeavor+In+the+News/NVIDIA+Endeavor+In+the+News_mid.jpg,2026-02-08T18:53:23.290111,2025
"November 5, 2025",2025-11-05,,"NVIDIA, Deutsche Telekom to Build AI Factory in Europe Under $1.15 Billion Partnership",https://www.wsj.com/tech/ai/nvidia-deutsche-telekom-to-build-ai-factory-in-europe-under-1-15-billion-partnership-b3023fc3,article,https://s3.amazonaws.com/cms.ipressroom.com/219/files/202510/690be1863d63329c7b323ef0_Deutsche+Telekom+In+the+News/Deutsche+Telekom+In+the+News_mid.jpg,2026-02-08T18:53:23.290237,2025
"November 5, 2025",2025-11-05,,NVIDIA’s South Korea Deals Mark a ‘Watershed’,https://www.cnbc.com/video/2025/10/31/this-is-a-watershed-deal-wedbushas-ives-reacts-to-nvidia-in-south-korea.html,article,https://s3.amazonaws.com/cms.ipressroom.com/219/files/202510/690be1193d63329598323ef9_Korea+In+the+News/Korea+In+the+News_mid.jpg,2026-02-08T18:53:23.290355,2025
"November 5, 2025",2025-11-05,,The World’s Most Valuable Public Company Just Laid Out Its Vision for the Future,https://www.cnn.com/2025/10/28/tech/nvidia-gtc-ai-conference-jensen-huang,article,https://s3.amazonaws.com/cms.ipressroom.com/219/files/202510/690be0473d63329732323eec_GTC+DC+Keynote+Recap+In+the+News/GTC+DC+Keynote+Recap+In+the+News_mid.jpg,2026-02-08T18:53:23.290471,2025
"November 5, 2025",2025-11-05,,NVIDIA's D.C. Moment,https://www.axios.com/2025/10/27/nvidias-dc-moment,article,https://s3.amazonaws.com/cms.ipressroom.com/219/files/202510/690bcaa93d63321ec1323eed_NVIDIA+Telecom+In+the+News/NVIDIA+Telecom+In+the+News_mid.jpg,2026-02-08T18:53:23.290583,2025
"October 21, 2025",2025-10-21,,Exclusive: NVIDIA and TSMC Unveil First Blackwell Chip Wafer Made in U.S.,https://www.axios.com/2025/10/17/nvidia-tsmc-blackwell-wafer-arizona,article,https://s3.amazonaws.com/cms.ipressroom.com/219/files/20259/68f817b93d633282b7e774ae_tsmc-flag-1280x680-3/tsmc-flag-1280x680-3_mid.jpg,2026-02-08T18:53:23.290697,2025
"August 29, 2025",2025-08-29,,"NVIDIA Sales Jump 56%, a Sign the A.I. Boom Isn’t Slowing Down",https://www.nytimes.com/2025/08/27/technology/nvidia-earnings-ai-chips.html,article,https://s3.amazonaws.com/cms.ipressroom.com/219/files/20240/65bafa0b3d63323b75dba5ff_NVIDIA+Voyager+In+the+News/NVIDIA+Voyager+In+the+News_mid.jpg,2026-02-08T18:53:23.290811,2025
"August 28, 2025",2025-08-28,,The 100 Most Influential People in AI 2025,https://time.com/collections/time100-ai-2025/7305861/jensen-huang-ai/,article,https://s3.amazonaws.com/cms.ipressroom.com/219/files/20257/68b0a6bb3d6332067afeedc7_in+the+news_jensen-huang-headshot-1/in+the+news_jensen-huang-headshot-1_mid.png,2026-02-08T18:53:23.290929,2025
"July 10, 2025",2025-07-10,,NVIDIA Becomes World’s First $4 Trillion Company,https://www.wsj.com/livecoverage/stock-market-today-dow-sp-500-nasdaq-07-09-2025/card/nvidia-becomes-world-s-first-4-trillion-company-KnKxWbAfSXgYj7owidOd?mod=djemHeardEUH,article,https://s3.amazonaws.com/cms.ipressroom.com/219/files/20240/65bafb2d3d6332f46edba57a_NVIDIA+Endeavor+In+the+News/NVIDIA+Endeavor+In+the+News_mid.jpg,2026-02-08T18:53:23.291044,2025
"June 12, 2025",2025-06-12,,NVIDIA CEO Sees Tenfold Boost to Europe’s AI Computing Power,https://www.bloomberg.com/news/articles/2025-06-11/nvidia-teams-up-with-startup-mistral-as-part-of-european-ai-push?sref=CY7BpvSE,article,https://s3.amazonaws.com/cms.ipressroom.com/219/files/20255/684b6a1a3d6332a311d5b36b_GTC+Paris+In+the+News/GTC+Paris+In+the+News_mid.jpg,2026-02-08T18:53:23.291166,2025
"May 28, 2025",2025-05-28,,NVIDIA Isn’t Just Building AI Chips. It's Building an AI-powered World,https://qz.com/nvidia-computex-2025-jensen-huang-ai-taiwan-dgx-spark-1851781267,article,https://s3.amazonaws.com/cms.ipressroom.com/219/files/20254/6837a63f3d633216d473d714_NVIDIA-Constellation-1536x1024/NVIDIA-Constellation-1536x1024_mid.jpg,2026-02-08T18:53:23.291284,2025
"March 25, 2025",2025-03-25,,NVIDIA Unveils Blackwell Ultra AI Chip for 'Age of AI Reasoning',https://finance.yahoo.com/news/nvidia-unveils-blackwell-ultra-ai-chip-for-age-of-ai-reasoning-184301751.html,article,https://s3.amazonaws.com/cms.ipressroom.com/219/files/20252/67e32d563d63325eec0db933_NV+in+the+News+-+Blackwell+Ultra/NV+in+the+News+-+Blackwell+Ultra_mid.jpg,2026-02-08T18:53:23.291395,2025
"March 25, 2025",2025-03-25,,Inside A.I.’s Super Bowl: NVIDIA Dreams of a Robot Future,https://www.nytimes.com/2025/03/25/technology/nvidia-ai-robots.html,article,https://s3.amazonaws.com/cms.ipressroom.com/219/files/20252/67e3268e3d633254b3db09f1_NVIDIA+in+the+News+-+Cosmos+Robotics/NVIDIA+in+the+News+-+Cosmos+Robotics_mid.jpg,2026-02-08T18:53:23.291506,2025
"March 21, 2025",2025-03-21,,"NVIDIA, Already the Backbone of the AI Boom, Has Big Plans for the Future",https://www.fastcompany.com/91270749/nvidia-most-innovative-companies-2025,article,https://s3.amazonaws.com/cms.ipressroom.com/219/files/20242/660358f63d6332c57336cbf4_Blackwell+In+the+News/Blackwell+In+the+News_mid.jpg,2026-02-08T18:53:23.291619,2025
"January 6, 2025",2025-01-06,,NVIDIA CEO Jensen Huang Debuts New AI platform to Dominate the ‘ChatGPT Moment’ in Robotics,https://fortune.com/2025/01/06/nvidia-new-ai-platform-robotics-chatgpt-moment-robots-self-driving-cars/,article,https://s3.amazonaws.com/cms.ipressroom.com/219/files/20251/202502262205/67bf90163d63327de84313e0_GR00T+In+the+News/GR00T+In+the+News_mid.jpg,2026-02-08T18:53:23.291730,2025
"January 6, 2025",2025-01-06,,NVIDIA Unveils GeForce RTX 50 Series Graphics Cards With Big Performance Gains,https://venturebeat.com/games/nvidia-unveils-geforce-rtx-50-series-graphics-cards/,article,https://s3.amazonaws.com/cms.ipressroom.com/219/files/20251/202502262206/67bf90613d6332b608431370_50+Series+In+the+News/50+Series+In+the+News_mid.jpg,2026-02-08T18:53:23.291844,2025
"November 20, 2024",2024-11-20,,"NVIDIA Crushes Expectations, More Than Doubling Its Profit Amid a 94% Surge in Revenue As AI Demand Booms",https://fortune.com/2024/11/20/nvidia-earnings-call-revenue-increase-94-percent-third-quarter/,article,https://s3.amazonaws.com/cms.ipressroom.com/219/files/20240/65bafb2d3d6332f46edba57a_NVIDIA+Endeavor+In+the+News/NVIDIA+Endeavor+In+the+News_mid.jpg,2026-02-08T18:53:17.043423,2024
"June 2, 2024",2024-06-02,,Nvidia Unveils Next-Generation Rubin AI Platform for 2026,https://www.bloomberg.com/news/articles/2024-06-02/jensen-huang-computex-keynote-nvidia-reveals-new-ai-software-and-services,article,https://s3.amazonaws.com/cms.ipressroom.com/219/files/20251/67bf8c523d63327de143137a_In+the+News+Computex/In+the+News+Computex_mid.jpg,2026-02-08T18:53:17.043551,2024
"April 29, 2024",2024-04-29,,"Meet NVIDIA CEO Jensen Huang, the Man Behind the $2 Trillion Company Powering Today's Artificial Intelligence",https://www.cbsnews.com/news/meet-nvida-ceo-jensen-huang-company-powering-ai-today-60-minutes-transcript/,article,https://s3.amazonaws.com/cms.ipressroom.com/219/files/20240/65bafa0b3d63323b75dba5ff_NVIDIA+Voyager+In+the+News/NVIDIA+Voyager+In+the+News_mid.jpg,2026-02-08T18:53:17.043673,2024
"April 17, 2024",2024-04-17,,The 100 Most Influential People of 2024: Jensen Huang,https://time.com/6964235/jensen-huang-2024/,article,https://s3.amazonaws.com/cms.ipressroom.com/219/files/20241/65bc17ea3d63323b75dbc2d5_Jensen+In+the+News/Jensen+In+the+News_mid.jpg,2026-02-08T18:53:17.043795,2024
"April 9, 2024",2024-04-09,,Fortune 100 Best Companies to Work For 2024 [NVIDIA #3],https://fortune.com/company/nvidia/,article,https://s3.amazonaws.com/cms.ipressroom.com/219/files/20241/65cff2b13d6332dd4f87b300_Voyager+Interior+In+the+News/Voyager+Interior+In+the+News_mid.jpg,2026-02-08T18:53:17.043919,2024
"March 26, 2024",2024-03-26,,NVIDIA Unveils Latest Chips at ‘AI Woodstock’,https://www.wsj.com/tech/ai/nvidia-annual-conference-chips-7692760d,article,https://s3.amazonaws.com/cms.ipressroom.com/219/files/20242/660357473d6332c57b36cd35_Jensen+Blackwell+In+the+News/Jensen+Blackwell+In+the+News_mid.jpg,2026-02-08T18:53:17.044484,2024
"March 26, 2024",2024-03-26,,Jim Cramer Says NVIDIA Will ‘Create the Next Industrial Revolution’,https://www.cnbc.com/2024/03/18/jim-cramer-says-nvidia-will-create-the-next-industrial-revolution.html,article,https://s3.amazonaws.com/cms.ipressroom.com/219/files/20242/6603588d3d6332ca2a36cbf7_NIM+Microservices+In+the+News/NIM+Microservices+In+the+News_mid.png,2026-02-08T18:53:17.044371,2024
"March 26, 2024",2024-03-26,,Why NVIDIA's New Blackwell Chip Is Key to the Next Stage of AI,https://www.bloomberg.com/news/articles/2024-03-19/nvidia-s-nvda-blackwell-b200-chip-why-it-s-so-powerful-what-it-means-for-ai,article,https://s3.amazonaws.com/cms.ipressroom.com/219/files/20242/660358f63d6332c57336cbf4_Blackwell+In+the+News/Blackwell+In+the+News_mid.jpg,2026-02-08T18:53:17.044256,2024
"March 26, 2024",2024-03-26,,NVIDIA CEO Says AI Has Closed 'The Technology Divide',https://www.barrons.com/livecoverage/nvidia-gtc-ai-conference/card/nvidia-ceo-says-ai-has-closed-the-technology-divide--i6q5Ak2aJSO978ZqqQMn,article,https://s3.amazonaws.com/cms.ipressroom.com/219/files/20242/660359b83d6332cee036cbec_Jensen+GB200+In+the+News/Jensen+GB200+In+the+News_mid.jpg,2026-02-08T18:53:17.044144,2024
"March 26, 2024",2024-03-26,,NVIDIA's Lightning Speed in Driving Change,https://www.ft.com/content/81f7a8e6-1738-4339-a893-c1dbb750a001,article,https://s3.amazonaws.com/cms.ipressroom.com/219/files/20240/65bafa0b3d63323b75dba5ff_NVIDIA+Voyager+In+the+News/NVIDIA+Voyager+In+the+News_mid.jpg,2026-02-08T18:53:17.044032,2024
"March 21, 2024",2024-03-21,,Most Innovative Company of 2024: NVIDIA’s AI Boom is Only Getting Started,https://www.fastcompany.com/91033514/nvidia-most-innovative-companies-2024,article,https://s3.amazonaws.com/cms.ipressroom.com/219/files/20240/65bafb2d3d6332f46edba57a_NVIDIA+Endeavor+In+the+News/NVIDIA+Endeavor+In+the+News_mid.jpg,2026-02-08T18:53:17.044601,2024
"February 29, 2024",2024-02-29,,NVIDIA Hardware Is Eating the World,https://www.wired.com/story/nvidia-hardware-is-eating-the-world-jensen-huang/,article,https://s3.amazonaws.com/cms.ipressroom.com/219/files/20241/65bc17ea3d63323b75dbc2d5_Jensen+In+the+News/Jensen+In+the+News_mid.jpg,2026-02-08T18:53:17.044723,2024
"February 22, 2024",2024-02-22,,NVIDIA Says Growth Will Continue as A.I. Hits ‘Tipping Point’,https://www.nytimes.com/2024/02/21/technology/nvidia-earnings.html,article,https://s3.amazonaws.com/cms.ipressroom.com/219/files/20241/65cff3c83d6332db7f87b2e1_Aerial+In+the+News/Aerial+In+the+News_mid.jpg,2026-02-08T18:53:17.044838,2024
"February 21, 2024",2024-02-21,,"Ahead of NVIDIA Earnings, Cramer Says the AI Giant Isn’t Anywhere Near Its Peak",https://www.cnbc.com/2024/02/20/ahead-of-nvidia-earnings-cramer-says-it-hasnt-reached-its-peak.html,article,https://s3.amazonaws.com/cms.ipressroom.com/219/files/20240/65bafa0b3d63323b75dba5ff_NVIDIA+Voyager+In+the+News/NVIDIA+Voyager+In+the+News_mid.jpg,2026-02-08T18:53:17.044954,2024
"January 26, 2024",2024-01-26,,NVIDIA Makes the Case for the AI PC at CES 2024,https://www.zdnet.com/google-amp/article/nvidia-makes-the-case-for-the-ai-pc-at-ces-2024/,article,https://s3.amazonaws.com/cms.ipressroom.com/219/files/20240/65b452743d6332b276045ff7_AI+PC+In+the+News/AI+PC+In+the+News_mid.jpg,2026-02-08T18:53:17.045066,2024
"January 26, 2024",2024-01-26,,NVIDIA Partners With Mercedes to Pursue Self-Driving Cars,https://finance.yahoo.com/video/nvidia-partners-mercedes-pursue-self-223531657.html?contentType=VIDEO,article,https://s3.amazonaws.com/cms.ipressroom.com/219/files/20240/202401270033/65b44f573d633239bb045a49_DRIVE+In+the+News/DRIVE+In+the+News_mid.jpg,2026-02-08T18:53:17.045353,2024
"January 26, 2024",2024-01-26,,"CES 2024: NVIDIA Ge‭Force RTX 4070 SUPER, RTX 4080 SUPER Cards Land This Month",https://www.pcmag.com/news/ces-2024-nvidia-geforce-rtx-4070-4080-super-cards-launch-january,article,https://s3.amazonaws.com/cms.ipressroom.com/219/files/20240/65b451ff3d6332220a045139_40+SUPER+In+the+News/40+SUPER+In+the+News_mid.png,2026-02-08T18:53:17.045181,2024
"November 29, 2023",2023-11-29,,Next Big Things in Tech 2023: NVIDIA Picasso,https://www.fastcompany.com/next-big-things-in-tech/list,article,https://s3.amazonaws.com/cms.ipressroom.com/219/files/20240/65b44c523d63323a33046268_Picasso+In+the+News/Picasso+In+the+News_mid.jpg,2026-02-08T18:53:10.798398,2023
"November 22, 2023",2023-11-22,,"NVIDIA’s Sales Surge, With No End in Sight for AI Boom",https://www.wsj.com/business/earnings/nvidia-nvda-q3-earnings-report-2024-c5fed357,article,https://s3.amazonaws.com/cms.ipressroom.com/219/files/20240/65baf86e3d6332f25edb7d9e_NVIDIA+Campus+In+the+News/NVIDIA+Campus+In+the+News_mid.jpg,2026-02-08T18:53:10.798523,2023
"November 15, 2023",2023-11-15,,NVIDIA's HGX H200 GPU With HBMe3 is an AI Beast for the Data Center,https://hothardware.com/news/nvidias-hgx-h200-is-an-ai-beast,article,https://s3.amazonaws.com/cms.ipressroom.com/219/files/20240/65baf8d63d6332f25adb77e0_HGX+H200+In+the+News/HGX+H200+In+the+News_mid.jpg,2026-02-08T18:53:10.798647,2023
"October 24, 2023",2023-10-24,,The Best Inventions of 2023: NVIDIA Neuralangelo,https://time.com/collection/best-inventions-2023/6324133/neuralangelo/,article,https://s3.amazonaws.com/cms.ipressroom.com/219/files/20240/65baf96f3d6332f25bdb7798_Neuralangelo+In+the+News/Neuralangelo+In+the+News_mid.png,2026-02-08T18:53:10.798769,2023
"October 13, 2023",2023-10-13,,Going All-In With NVIDIA: How Jensen Huang’s High-Stakes Bets Paid Off,https://finance.yahoo.com/news/going-all-in-with-nvidia-how-jensen-huangs-high-stakes-bets-paid-off-113053891.html,article,https://s3.amazonaws.com/cms.ipressroom.com/219/files/20240/65bafa0b3d63323b75dba5ff_NVIDIA+Voyager+In+the+News/NVIDIA+Voyager+In+the+News_mid.jpg,2026-02-08T18:53:10.798888,2023
"October 6, 2023",2023-10-06,,How Nvidia Got Huge—and Almost Invincible,https://www.wsj.com/tech/ai/how-nvidia-got-hugeand-almost-invincible-da74cae1,article,https://s3.amazonaws.com/cms.ipressroom.com/219/files/20240/65bafb2d3d6332f46edba57a_NVIDIA+Endeavor+In+the+News/NVIDIA+Endeavor+In+the+News_mid.jpg,2026-02-08T18:53:10.799015,2023
"September 13, 2023",2023-09-13,,NVIDIA's AI Surge is Just Getting Started,https://www.wsj.com/business/earnings/nvidias-ai-surge-is-just-getting-started-130903da,article,https://s3.amazonaws.com/cms.ipressroom.com/219/files/20240/202402010204/65bafc383d6332f25fdb7f24_H100+In+the+News/H100+In+the+News_mid.jpg,2026-02-08T18:53:10.799131,2023
"August 8, 2023",2023-08-08,,Nvidia Unveils Faster Chip Aimed at Cementing AI Dominance,https://www.bloomberg.com/news/articles/2023-08-08/nvidia-unveils-faster-processor-aimed-at-cementing-ai-dominance,article,https://s3.amazonaws.com/cms.ipressroom.com/219/files/20241/65bc169e3d6332f255db74ec_GH200+In+the+News/GH200+In+the+News_mid.jpg,2026-02-08T18:53:10.799245,2023
"July 14, 2023",2023-07-14,,"Winners of VentureBeat’s 5th Annual AI Innovation Awards: Jensen Huang, Generative AI Visionary",https://venturebeat.com/ai/announcing-the-winners-of-venturebeats-5th-annual-ai-innovation-awards/,article,https://s3.amazonaws.com/cms.ipressroom.com/219/files/20241/65bc17ea3d63323b75dbc2d5_Jensen+In+the+News/Jensen+In+the+News_mid.jpg,2026-02-08T18:53:10.799358,2023
"June 21, 2023",2023-06-21,,TIME100 Most Influential Companies: NVIDIA,https://time.com/collection/time100-companies-2023/6285126/nvidia-leaders/,article,https://s3.amazonaws.com/cms.ipressroom.com/219/files/20240/65baf86e3d6332f25edb7d9e_NVIDIA+Campus+In+the+News/NVIDIA+Campus+In+the+News_mid.jpg,2026-02-08T18:53:10.799470,2023
"May 30, 2023",2023-05-30,,The World’s Biggest Ad Agency Is Going All in on AI With NVIDIA Help,https://www.cnn.com/2023/05/29/tech/nvidia-wpp-ai-advertising/index.html,article,https://s3.amazonaws.com/cms.ipressroom.com/219/files/20241/65bc198f3d6332f256db735b_WPP+In+the+News/WPP+In+the+News_mid.jpg,2026-02-08T18:53:10.799580,2023
"May 30, 2023",2023-05-30,,"NVIDIA's New AI Supercomputer Is a Game Changer. Google, Meta, and Microsoft Will Be First Users",https://www.barrons.com/articles/nvidia-ai-supercomputer-a9dff101,article,https://s3.amazonaws.com/cms.ipressroom.com/219/files/20241/65bc1a633d6332f263dba9bc_DGX+GH200+In+the+News/DGX+GH200+In+the+News_mid.jpg,2026-02-08T18:53:10.799699,2023
"May 18, 2023",2023-05-18,,NVIDIA Unveils 3 GeForce RTX 4060s Starting at $299: DLSS 3 Goes Mainstream,https://www.pcworld.com/article/1921195/nvidia-unveils-3-geforce-rtx-4060-ti-gpus-dlss-3-goes-mainstream.html,article,https://s3.amazonaws.com/cms.ipressroom.com/219/files/20241/202402020141/65bc48653d6332f25cdb80a4_GeForce+RTX+4060+Ti+In+the+News/GeForce+RTX+4060+Ti+In+the+News_mid.png,2026-02-08T18:53:10.799812,2023
"March 23, 2023",2023-03-23,,Nvidia Turns to AI Cloud Rental to Spread New Technology,https://www.reuters.com/technology/nvidia-set-reveal-new-ai-technologies-annual-conference-2023-03-21/,article,https://s3.amazonaws.com/cms.ipressroom.com/219/files/20241/202402020158/65bc4c413d6332f251db7727_DGX+Cloud+In+the+News/DGX+Cloud+In+the+News_mid.jpg,2026-02-08T18:53:10.800145,2023
"March 23, 2023",2023-03-23,,NVIDIA cuLitho Computational Lithography Massively Accelerates Chip Design Using GPUs,https://www.forbes.com/sites/davealtavilla/2023/03/21/nvidia-culitho-computational-lithography-massively-accelerates-chip-design-using-gpus/?sh=2ebd08c48035,article,https://s3.amazonaws.com/cms.ipressroom.com/219/files/20241/65bc1cae3d6332f250db6fb1_CuLitho+In+the+News/CuLitho+In+the+News_mid.jpg,2026-02-08T18:53:10.799926,2023
"March 23, 2023",2023-03-23,,NVIDIA's Next-Gen AI Chips Are Coming to AWS and Google Cloud,https://www.bloomberg.com/news/articles/2023-03-21/nvidia-s-next-gen-ai-chips-are-coming-to-aws-and-google-cloud,article,https://s3.amazonaws.com/cms.ipressroom.com/219/files/20240/65bafa0b3d63323b75dba5ff_NVIDIA+Voyager+In+the+News/NVIDIA+Voyager+In+the+News_mid.jpg,2026-02-08T18:53:10.800254,2023
"March 23, 2023",2023-03-23,,NVIDIA Launches New Cloud Services and Partnerships to Train Generative AI,https://techcrunch.com/2023/03/21/nvidia-launches-new-cloud-services-and-partnerships-to-train-generative-ai/,article,https://s3.amazonaws.com/cms.ipressroom.com/219/files/20241/65bc3bf43d6332f263dbabd4_AI+Foundations+In+the+News/AI+Foundations+In+the+News_mid.png,2026-02-08T18:53:10.800365,2023
"March 23, 2023",2023-03-23,,NVIDIA's Big AI Moment is Here,https://www.engadget.com/nvidia-gtc-ai-dgx-cloud-161517378.html,article,https://s3.amazonaws.com/cms.ipressroom.com/219/files/20241/65bc3cae3d6332f25bdb7c2e_Inference+Platforms+In+the+News/Inference+Platforms+In+the+News_mid.jpg,2026-02-08T18:53:10.800475,2023
"March 23, 2023",2023-03-23,,"A.I. is a Brand New Computing Platform You Can Program With Your Own Language, Says NVIDIA CEO",https://www.cnbc.com/video/2023/03/21/ai-is-a-brand-new-computing-platform-you-can-program-with-your-own-language-says-nvidia-ceo.html,article,https://s3.amazonaws.com/cms.ipressroom.com/219/files/20241/65bc25b13d6332f263dbaa58_GTC23+In+the+News/GTC23+In+the+News_mid.jpg,2026-02-08T18:53:10.800034,2023
"March 6, 2023",2023-03-06,,"How NVIDIA Grew From Gaming To A.I. Giant, Now Powering ChatGPT",https://www.youtube.com/watch?v=d3L2uPuxOxU,video,https://s3.amazonaws.com/cms.ipressroom.com/219/files/20241/65bc3df23d63323b75dbc582_Grace+Superchip+In+the+News/Grace+Superchip+In+the+News_mid.jpg,2026-02-08T18:53:10.800585,2023
"February 1, 2023",2023-02-01,,World’s Most Admired Companies: NVIDIA No. 1 in Semiconductors,https://fortune.com/ranking/worlds-most-admired-companies/2023/,article,https://s3.amazonaws.com/cms.ipressroom.com/219/files/20240/65bafb2d3d6332f46edba57a_NVIDIA+Endeavor+In+the+News/NVIDIA+Endeavor+In+the+News_mid.jpg,2026-02-08T18:53:10.800698,2023
"January 3, 2023",2023-01-03,,NVIDIA Omniverse Adds Generative AI and Unity with Update,https://venturebeat.com/games/nvidia-omniverse-adds-generative-ai-and-unity-with-update/,article,https://s3.amazonaws.com/cms.ipressroom.com/219/files/20241/65bc45e83d6332f263dbabf2_OV+Unity+In+the+News/OV+Unity+In+the+News_mid.png,2026-02-08T18:53:10.801044,2023
"January 3, 2023",2023-01-03,,"NVIDIA Helps Hyundai, BYD, Polestar Join the In-Car Gaming Revolution",https://techcrunch.com/2023/01/03/nvidia-helps-hyundai-byd-polestar-join-the-in-car-gaming-revolution/,article,https://s3.amazonaws.com/cms.ipressroom.com/219/files/20241/65bc46bc3d6332f255db755f_Polestar+In+the+News/Polestar+In+the+News_mid.jpg,2026-02-08T18:53:10.801156,2023
"January 3, 2023",2023-01-03,,NVIDIA GeForce NOW Gets a Sweet RTX 4080 SuperPOD Upgrade Smooth Gaming at 240 FPS,https://hothardware.com/news/nvidia-geforce-now-rtx-4080-superpod-upgrade-gaming-240-fps,article,https://s3.amazonaws.com/cms.ipressroom.com/219/files/20241/202402020139/65bc47d33d6332f264dbb6ca_GFN+4080+In+the+News/GFN+4080+In+the+News_mid.jpg,2026-02-08T18:53:10.800931,2023
"January 3, 2023",2023-01-03,,NVIDIA Brings the Mighty RTX 4090 to Laptops at CES 2023,https://www.digitaltrends.com/computing/nvidia-announces-rtx-40-mobile-gpus/,article,https://s3.amazonaws.com/cms.ipressroom.com/219/files/20241/65bc45473d6332f264dbb6bc_40+Series+Laptops+In+the+News/40+Series+Laptops+In+the+News_mid.jpg,2026-02-08T18:53:10.800811,2023
"November 17, 2022",2022-11-17,,NVIDIA and Microsoft Join Forces to Build AI Supercomputer,https://www.cnet.com/tech/computing/nvidia-and-microsoft-join-forces-to-build-ai-supercomputer/,article,https://s3.amazonaws.com/cms.ipressroom.com/219/files/20241/65c2e30c3d63323b75dbd282_NVIDIA++Microsoft+Logo+Graphic+In+the+News/NVIDIA++Microsoft+Logo+Graphic+In+the+News_mid.jpg,2026-02-08T18:53:04.556343,2022
"November 17, 2022",2022-11-17,,These 4 Companies’ Excellence in Innovation Isn’t Just About a Single Technology Breakthrough,https://www.fastcompany.com/90804471/these-four-companies-excellence-in-innovation-isnt-just-about-a-single-technology-breakthrough,article,https://s3.amazonaws.com/cms.ipressroom.com/219/files/20241/65c2e1483d6332740fdb6e17_Most+Innovative+Co+In+the+News/Most+Innovative+Co+In+the+News_mid.jpg,2026-02-08T18:53:04.556463,2022
"November 14, 2022",2022-11-14,,How NVIDIA is Driving Greener Computing,https://venturebeat.com/data-infrastructure/how-nvidia-is-driving-greener-computing/,article,https://s3.amazonaws.com/cms.ipressroom.com/219/files/20241/65c2e6a03d6332749ddb6ebd_Green500+In+the+News.54PM/Green500+In+the+News.54PM_mid.png,2026-02-08T18:53:04.556586,2022
"November 10, 2022",2022-11-10,,The Best Inventions of 2022: NVIDIA Instant NeRF,https://time.com/collection/best-inventions-2022/6225489/nvidia-instant-nerf/,article,https://s3.amazonaws.com/cms.ipressroom.com/219/files/20241/65c533b83d633265bcf09698_Instant+NeRF+In+the+News/Instant+NeRF+In+the+News_mid.jpg,2026-02-08T18:53:04.556735,2022
"October 3, 2022",2022-10-03,,NVIDIA Voyager is the 2022 Structures Honoree for Interiors Project,https://www.bizjournals.com/sanjose/news/2022/09/29/interiors-project-nvidia-voyager.html,article,https://s3.amazonaws.com/cms.ipressroom.com/219/files/20240/65bafa0b3d63323b75dba5ff_NVIDIA+Voyager+In+the+News/NVIDIA+Voyager+In+the+News_mid.jpg,2026-02-08T18:53:04.556855,2022
"September 21, 2022",2022-09-21,,NVIDIA Targets Computers for Robots in the Surgery Rooms,https://www.hpcwire.com/2022/09/20/nvidias-targets-computers-for-robots-in-the-surgery-rooms/,article,https://s3.amazonaws.com/cms.ipressroom.com/219/files/20241/65cc1d463d6332880a87c49d_HC+Robotics+In+the+News/HC+Robotics+In+the+News_mid.png,2026-02-08T18:53:04.557560,2022
"September 21, 2022",2022-09-21,,NVIDIA Launches New Services for Training Large Language Models,https://techcrunch.com/2022/09/20/nvidia-launches-new-services-for-training-large-language-models/,article,https://s3.amazonaws.com/cms.ipressroom.com/219/files/20241/65cc16f33d6332880c87d017_BioNeMoLLM+In+the+News/BioNeMoLLM+In+the+News_mid.png,2026-02-08T18:53:04.557425,2022
"September 21, 2022",2022-09-21,,NVIDIA Unveils GeForce RTX 40 Series Graphics Cards with 4X Performance,https://venturebeat.com/games/nvidia-unveils-geforce-rtx-40-series-graphics-cards-with-4x-performance/,article,https://s3.amazonaws.com/cms.ipressroom.com/219/files/20241/65cc15e33d6332880c87d010_4090+In+the+News/4090+In+the+News_mid.png,2026-02-08T18:53:04.557199,2022
"September 21, 2022",2022-09-21,,NVIDIA Puts AI at Center of Latest GeForce Graphics Card Upgrade,https://www.bloomberg.com/news/articles/2022-09-20/nvidia-puts-ai-at-center-of-latest-geforce-graphics-card-upgrade?sref=LaJjKUh2#xj4y7vzkg,article,https://s3.amazonaws.com/cms.ipressroom.com/219/files/20241/65cc166d3d6332880887b9cb_40+Series+AI+In+the+News/40+Series+AI+In+the+News_mid.png,2026-02-08T18:53:04.557089,2022
"September 21, 2022",2022-09-21,,"NVIDIA Launches Lovelace GPU, Cloud Services, Ships H100 GPUs, New Drive Thor, and....",https://www.forbes.com/sites/karlfreund/2022/09/20/nvidia-launches-cloud-services-ships-h100-gpus-announces-new-drive-thor-and-/?sh=1105a055b4ae,article,https://s3.amazonaws.com/cms.ipressroom.com/219/files/20241/65c535813d633265a8f09362_OV+Cloud+in+the+News/OV+Cloud+in+the+News_mid.jpg,2026-02-08T18:53:04.556977,2022
"September 21, 2022",2022-09-21,,Chipmaker NVIDIA Launches New System for Autonomous Driving,https://www.reuters.com/technology/chipmaker-nvidia-launches-new-system-autonomous-driving-2022-09-20/,article,https://s3.amazonaws.com/cms.ipressroom.com/219/files/20241/65cc15873d6332880c87d008_Thor+In+the+News/Thor+In+the+News_mid.jpg,2026-02-08T18:53:04.557314,2022
"September 6, 2022",2022-09-06,,NVIDIA Grace and Hopper Superchips Are Poised To Be AI and HPC Powerhouses,https://www.forbes.com/sites/davealtavilla/2022/08/25/nvidia-grace-and-hopper-superchips-are-poised-to-be-ai-and-hpc-powerhouses/?sh=1932d9d8694e,article,https://s3.amazonaws.com/cms.ipressroom.com/219/files/20241/65cc1e583d6332880387b5c4_Grace+and+Hopper+In+the+News/Grace+and+Hopper+In+the+News_mid.png,2026-02-08T18:53:04.557992,2022
"September 6, 2022",2022-09-06,,Nvidia’s Geforce NOW Game-Streaming Service Tops 20 Million Users,https://www.pcmag.com/news/nvidias-geforce-now-game-streaming-service-tops-20-million-users,article,https://s3.amazonaws.com/cms.ipressroom.com/219/files/20241/65cc1e1f3d6332880c87d039_GFN+20+Mill+In+the+News/GFN+20+Mill+In+the+News_mid.png,2026-02-08T18:53:04.557863,2022
"September 6, 2022",2022-09-06,,Jensen Huang Interview: How the Metaverse Vision Will Outlast Any Economic Downturn,https://venturebeat.com/metaverse/jensen-huang-interview-how-the-metaverse-vision-will-outlast-any-economic-downturn/,article,https://s3.amazonaws.com/cms.ipressroom.com/219/files/20241/65cc1d963d6332880a87c4a6_Toy+JHH+In+the+News/Toy+JHH+In+the+News_mid.jpg,2026-02-08T18:53:04.557731,2022
"August 15, 2022",2022-08-15,,Watch NVIDIA's Livestream at SIGGRAPH: Why It May Be the Most Pivotal Since 1993,https://www.zdnet.com/article/watch-nvidias-livestream-at-siggraph-why-it-may-be-the-most-pivotal-since-1993/,article,https://s3.amazonaws.com/cms.ipressroom.com/219/files/20241/65cc1ea03d633287f987b2bb_SIGG+22+In+the+News/SIGG+22+In+the+News_mid.png,2026-02-08T18:53:04.558112,2022
"July 19, 2022",2022-07-19,,NVIDIA Launches Quantum Computing Platform,https://www.networkworld.com/article/3667429/nvidia-launches-quantum-computing-platform.html,article,https://s3.amazonaws.com/cms.ipressroom.com/219/files/20241/65cfeda23d633287ee87b3a8_QODA+In+the+News/QODA+In+the+News_mid.jpg,2026-02-08T18:53:04.558232,2022
"May 31, 2022",2022-05-31,,NVIDIA’s AI-Powered Supercomputers Advance Nuclear Fusion Research,https://venturebeat.com/2022/05/30/nvidias-ai-powered-supercomputers-advance-nuclear-fusion-research/,article,https://s3.amazonaws.com/cms.ipressroom.com/219/files/20241/65cfedff3d6332db7f87b2c4_Supercomputer+Los+Alamos+In+the+News/Supercomputer+Los+Alamos+In+the+News_mid.jpg,2026-02-08T18:53:04.558347,2022
"May 24, 2022",2022-05-24,,NVIDIA Adds Breadth and Depth to System Designs,https://www.nextplatform.com/2022/05/23/nvidia-adds-breadth-and-depth-to-system-designs/,article,https://s3.amazonaws.com/cms.ipressroom.com/219/files/20241/65cfeebf3d633287ec87b204_HGX+H100+In+the+News/HGX+H100+In+the+News_mid.png,2026-02-08T18:53:04.558704,2022
"May 24, 2022",2022-05-24,,"NVIDIA Announces 12 More DLSS Titles, 500Hz Monitor, Fresh New Laptops",https://gamingtrend.com/news/nvidia-announces-12-more-dlss-titles-500hz-monitor-fresh-new-laptops/,article,https://s3.amazonaws.com/cms.ipressroom.com/219/files/20241/65cfef1e3d6332c5be87c169_500+Hz+In+the+News/500+Hz+In+the+News_mid.png,2026-02-08T18:53:04.558818,2022
"May 24, 2022",2022-05-24,,"NVIDIA Unveils Liquid-Cooled GPUs, With Equinix as Early Adopter",https://datacenterfrontier.com/nvidia-unveils-liquid-cooled-gpus-with-equinix-as-early-adopter/,article,https://s3.amazonaws.com/cms.ipressroom.com/219/files/20241/65cfee4e3d6332c5be87c15b_Equinix+NVIDIA+A100+PCIe+GPU+In+the+News/Equinix+NVIDIA+A100+PCIe+GPU+In+the+News_mid.png,2026-02-08T18:53:04.558466,2022
"May 24, 2022",2022-05-24,,NVIDIA Details Plans to Transform Data Centers into AI Factories,https://venturebeat.com/2022/05/24/nvidia-details-strategy-to-transform-data-centers-into-ai-factories/,article,https://s3.amazonaws.com/cms.ipressroom.com/219/files/20241/65cfee7b3d6332dd4f87b2da_NVIDIA+Grace+Portfolio+In+the+News/NVIDIA+Grace+Portfolio+In+the+News_mid.jpg,2026-02-08T18:53:04.558585,2022
"May 20, 2022",2022-05-20,,NVIDIA AI Research Takes Science Fiction One Step Closer to Reality,https://venturebeat.com/2022/05/19/nvidia-ai-research-takes-science-fiction-one-step-closer-to-reality/,article,https://s3.amazonaws.com/cms.ipressroom.com/219/files/20241/65cfef623d6332dd4f87b2e2_ASE+In+the+News/ASE+In+the+News_mid.png,2026-02-08T18:53:04.558937,2022
"May 5, 2022",2022-05-05,,Nvidia's Massive Techno Palace May Have You Questioning Remote Work,https://www.cnet.com/tech/computing/nvidias-massive-techno-palace-may-have-you-questioning-remote-work/,article,https://s3.amazonaws.com/cms.ipressroom.com/219/files/20241/65cff2b13d6332dd4f87b300_Voyager+Interior+In+the+News/Voyager+Interior+In+the+News_mid.jpg,2026-02-08T18:53:04.559049,2022
"March 30, 2022",2022-03-30,,TIME100 Most Influential Companies,https://time.com/collection/time100-companies-2022/6159474/nvidia-titans/,article,https://s3.amazonaws.com/cms.ipressroom.com/219/files/20241/65cff3c83d6332db7f87b2e1_Aerial+In+the+News/Aerial+In+the+News_mid.jpg,2026-02-08T18:53:04.559270,2022
"March 23, 2022",2022-03-23,,GTC 2022: NVIDIA Flexes its GPU and Platform Muscles,https://venturebeat.com/2022/03/22/gtc-2022-nvidia-flexes-its-gpu-and-platform-muscles/,article,https://s3.amazonaws.com/cms.ipressroom.com/219/files/20241/65cff64c3d6332035f87b0f9_Omniverse+Cloud+In+the+News/Omniverse+Cloud+In+the+News_mid.jpg,2026-02-08T18:53:04.559622,2022
"March 23, 2022",2022-03-23,,NVIDIA’s Trillion Dollar Dreams,https://www.wsj.com/articles/nvidias-trillion-dollar-dreams-11648048409?mod=markets_lead_pos11,article,https://s3.amazonaws.com/cms.ipressroom.com/219/files/20240/65bafb2d3d6332f46edba57a_NVIDIA+Endeavor+In+the+News/NVIDIA+Endeavor+In+the+News_mid.jpg,2026-02-08T18:53:04.559507,2022
"March 23, 2022",2022-03-23,,"NVIDIA Unleashes Arsenal of AI Innovation with Hopper GPU, Grace CPU, Interconnect and Robotics Tech",https://www.forbes.com/sites/davealtavilla/2022/03/22/nvidia-unleashes-arsenal-of-ai-innovation-with-hopper-gpu-grace-cpu-interconnect-and-robotics-tech/?sh=9886a853f004,article,https://s3.amazonaws.com/cms.ipressroom.com/219/files/20241/65cff6b93d633287f987b634_Jetson+AGX+Orin+In+the+News/Jetson+AGX+Orin+In+the+News_mid.jpg,2026-02-08T18:53:04.559732,2022
"March 23, 2022",2022-03-23,,NVIDIA Unveils Data-Center Chips Aimed at Stretching Its Lead in AI,https://www.bloomberg.com/news/articles/2022-03-22/nvidia-unveils-data-center-chips-aimed-at-stretching-lead-in-ai,article,https://s3.amazonaws.com/cms.ipressroom.com/219/files/20241/65bc3df23d63323b75dbc582_Grace+Superchip+In+the+News/Grace+Superchip+In+the+News_mid.jpg,2026-02-08T18:53:04.559843,2022
"March 23, 2022",2022-03-23,,"NVIDIA's New Chips Power AI, Autonomous Vehicles, Metaverse Tools",https://www.cnet.com/news/nvidias-new-chips-power-ai-autonomous-vehicles-metaverse-tools/,article,https://s3.amazonaws.com/cms.ipressroom.com/219/files/20240/202402010204/65bafc383d6332f25fdb7f24_H100+In+the+News/H100+In+the+News_mid.jpg,2026-02-08T18:53:04.559397,2022
"March 8, 2022",2022-03-08,,The 10 Most Innovative Augmented Reality and Virtual Reality Companies of 2022 [NVIDIA #2],https://www.fastcompany.com/90715451/most-innovative-companies-augmented-reality-virtual-reality-2022,article,https://s3.amazonaws.com/cms.ipressroom.com/219/files/20241/65c533b83d633265bcf09698_Instant+NeRF+In+the+News/Instant+NeRF+In+the+News_mid.jpg,2026-02-08T18:53:04.559959,2022
"February 16, 2022",2022-02-16,,Jaguar Land Rover Vehicles Getting Big Brains in 2025,https://www.motortrend.com/news/jaguar-land-rover-nvidia-partnership-tech/?sm_id=organic:sm_id:tend:gen:20:na:scl_shr_icn:edtr:mtd,article,https://s3.amazonaws.com/cms.ipressroom.com/219/files/20241/65cff9713d633287fd87b947_Jaguar+and+Land+Rover+In+the+News/Jaguar+and+Land+Rover+In+the+News_mid.jpg,2026-02-08T18:53:04.560078,2022
"January 12, 2022",2022-01-12,,"Job Seekers, Work at One of These Companies in 2022 if You Want a Better Corporate Culture [NVIDIA #1 on Glassdoor's Best Workplaces]",https://www.fastcompany.com/90712131/jobseekers-work-at-one-of-these-100-companies-in-2022-if-you-want-a-good-corporate-culture,article,https://s3.amazonaws.com/cms.ipressroom.com/219/files/20240/65bafa0b3d63323b75dba5ff_NVIDIA+Voyager+In+the+News/NVIDIA+Voyager+In+the+News_mid.jpg,2026-02-08T18:53:04.560196,2022
"January 4, 2022",2022-01-04,,"NVIDIA Launches Salvo Of Gaming GPUs, New Omniverse and Autonomous Driving Tech At CES 2022",https://www.forbes.com/sites/davealtavilla/2022/01/04/nvidia-launches-salvo-of-gaming-gpus-new-omniverse-and-autonomous-driving-tech-at-ces-2022/?sh=3e55407c22a9,article,https://s3.amazonaws.com/cms.ipressroom.com/219/files/20241/65cffa9c3d633287f787b64e_CES+2022+In+the+News/CES+2022+In+the+News_mid.png,2026-02-08T18:53:04.560309,2022
"November 23, 2021",2021-11-23,,NVIDIA CEO Believes the ‘Metaverse’ Can Save Companies Billions of Dollars in the Real World,https://www.cnbc.com/video/2021/11/19/nvidia-ceo-believes-the-metaverse-can-save-companies-billions-of-dollars-in-the-real-world.html,article,https://s3.amazonaws.com/cms.ipressroom.com/219/files/20240/65baf86e3d6332f25edb7d9e_NVIDIA+Campus+In+the+News/NVIDIA+Campus+In+the+News_mid.jpg,2026-02-08T18:52:58.380758,2021
"November 19, 2021",2021-11-19,,Jensen Huang Gets Chip Industry’s Highest Honor 28 Years After Founding NVIDIA,https://venturebeat.com/2021/11/18/jensen-huang-gets-chip-industrys-highest-honor-38-years-after-founding-nvidia/,article,https://s3.amazonaws.com/cms.ipressroom.com/219/files/20241/65d553913d6332bdd250a363_SIA+Award+In+the+News/SIA+Award+In+the+News_mid.png,2026-02-08T18:52:58.380877,2021
"November 10, 2021",2021-11-10,,The Best Inventions of 2021: NVIDIA Broadcast,https://time.com/collection/best-inventions-2021/6115261/nvidia-broadcast/,article,https://s3.amazonaws.com/cms.ipressroom.com/219/files/20241/65d54d073d6332bde350a63e_Broadcast+In+the+News/Broadcast+In+the+News_mid.jpg,2026-02-08T18:52:58.381119,2021
"November 10, 2021",2021-11-10,,The Best Inventions of 2021: NVIDIA Omniverse,https://time.com/collection/best-inventions-2021/6112555/nvidia-omniverse/,article,https://s3.amazonaws.com/cms.ipressroom.com/219/files/20241/65d54cbb3d6332bdd850a438_OV+TIME+In+the+News/OV+TIME+In+the+News_mid.jpg,2026-02-08T18:52:58.381003,2021
"November 9, 2021",2021-11-09,,Nvidia Announces Deeper Push into Health Care Industry at GTC 2021,https://news.yahoo.com/nvidia-announces-deeper-push-into-healthcare-industry-093030802.html,article,https://s3.amazonaws.com/cms.ipressroom.com/219/files/20241/65d54f673d6332bdea50b3cf_Entos+In+the+News/Entos+In+the+News_mid.png,2026-02-08T18:52:58.381342,2021
"November 9, 2021",2021-11-09,,Nvidia and Lockheed Martin Plan to Fight Forest Fires with AI. Here's How.,https://www.cnet.com/news/nvidia-and-lockheed-martin-plan-to-fight-forest-fires-with-ai-heres-how/,article,https://s3.amazonaws.com/cms.ipressroom.com/219/files/20241/65d5525e3d6332621d50aa18_Lockheed+In+the+News/Lockheed+In+the+News_mid.png,2026-02-08T18:52:58.381625,2021
"November 9, 2021",2021-11-09,,How Ericsson is Using Omniverse to Simulate 5G Network Reception in a City,https://venturebeat.com/2021/11/09/how-ericsson-is-using-omniverse-to-simulate-5g-network-reception-in-a-city/,article,https://s3.amazonaws.com/cms.ipressroom.com/219/files/20241/65d5518c3d6332621d50aa0f_Ericsson+In+the+News/Ericsson+In+the+News_mid.png,2026-02-08T18:52:58.381484,2021
"November 9, 2021",2021-11-09,,Nvidia Doubles Down on Software Tools for Crafting Virtual Worlds,https://www.reuters.com/technology/nvidia-doubles-down-software-tools-crafting-virtual-worlds-2021-11-09/,article,https://s3.amazonaws.com/cms.ipressroom.com/219/files/20241/65d54e753d6332bde650a949_OV+Enterprise+In+the+News/OV+Enterprise+In+the+News_mid.png,2026-02-08T18:52:58.381231,2021
"October 22, 2021",2021-10-22,,Expansive NVIDIA GeForce NOW Updates Bring RTX 3080 120FPS Gaming to the Cloud,https://www.forbes.com/sites/marcochiappetta/2021/10/21/expansive-nvidia-geforce-now-updates-bring-rtx-3080-120fps-gaming-to-the-cloud/?sh=413561786bbb,article,https://s3.amazonaws.com/cms.ipressroom.com/219/files/20241/65d555213d6332bddb50a455_GFN+3080+In+the+News/GFN+3080+In+the+News_mid.png,2026-02-08T18:52:58.381739,2021
"September 15, 2021",2021-09-15,,The 100 Most Influential People of 2021: Jensen Huang,https://time.com/collection/100-most-influential-people-2021/6095971/jensen-huang/,article,https://s3.amazonaws.com/cms.ipressroom.com/219/files/20241/65d5557e3d6332621d50aa25_Jensen+TIME+In+the+News/Jensen+TIME+In+the+News_mid.png,2026-02-08T18:52:58.381851,2021
"August 19, 2021",2021-08-19,,NVIDIA’s Gaming Chips Drive Record Quarterly Results,https://www.wsj.com/articles/nvidias-gaming-chips-drive-record-quarterly-results-11629320279,article,https://s3.amazonaws.com/cms.ipressroom.com/219/files/20241/65d555d43d6332bdea50b3df_3080+Ti+In+the+News/3080+Ti+In+the+News_mid.jpg,2026-02-08T18:52:58.381973,2021
"August 12, 2021",2021-08-12,,NVIDIA’s Jensen Huang to Get Semiconductor Industry’s Highest Honor,https://venturebeat.com/2021/08/12/nvidias-jensen-huang-to-get-semiconductor-industrys-highest-honor/,article,https://s3.amazonaws.com/cms.ipressroom.com/219/files/20241/65bc17ea3d63323b75dbc2d5_Jensen+In+the+News/Jensen+In+the+News_mid.jpg,2026-02-08T18:52:58.382090,2021
"August 7, 2021",2021-08-07,,Will NVIDIA’s Huge Bet on Artificial-Intelligence Chips Pay Off?,/in-the-news/will-nvidias-huge-bet-on-artificial-intelligence-chips-pay-off,article,https://s3.amazonaws.com/cms.ipressroom.com/219/files/20240/65bafa0b3d63323b75dba5ff_NVIDIA+Voyager+In+the+News/NVIDIA+Voyager+In+the+News_mid.jpg,2026-02-08T18:52:58.382203,2021
"June 7, 2021",2021-06-07,,NVIDIA Lays the Foundation for Wider AI Adoption,https://www.nextplatform.com/2021/06/01/nvidia-lays-the-foundation-for-wider-ai-adoption/,article,https://s3.amazonaws.com/cms.ipressroom.com/219/files/20241/65d67a843d6332621d50c421_BlueField-2+DPU+In+the+News/BlueField-2+DPU+In+the+News_mid.jpg,2026-02-08T18:52:58.382341,2021
"May 27, 2021",2021-05-27,,"NVIDIA Gives Strong Forecast on Gamer, Data Center Demand",https://www.bloomberg.com/news/articles/2021-05-26/nvidia-gives-strong-forecast-driven-by-gamer-data-center-demand,article,https://s3.amazonaws.com/cms.ipressroom.com/219/files/20240/65bafb2d3d6332f46edba57a_NVIDIA+Endeavor+In+the+News/NVIDIA+Endeavor+In+the+News_mid.jpg,2026-02-08T18:52:58.382489,2021
"May 11, 2021",2021-05-11,,NVIDIA's RTX 3050 and 3050 Ti Bring Ray Tracing to Affordable Laptops,https://www.engadget.com/nvidia-rtx-3050-ti-ray-tracing-affordable-gaming-laptops-110058581.html,article,https://s3.amazonaws.com/cms.ipressroom.com/219/files/20241/65d67af23d6332621d50c43f_GF+RTX+3050+Laptop+In+the+News/GF+RTX+3050+Laptop+In+the+News_mid.jpg,2026-02-08T18:52:58.382604,2021
"April 27, 2021",2021-04-27,,TIME100 Most Influential Companies,https://time.com/collection/time100-companies/,article,https://s3.amazonaws.com/cms.ipressroom.com/219/files/20241/65cff3c83d6332db7f87b2e1_Aerial+In+the+News/Aerial+In+the+News_mid.jpg,2026-02-08T18:52:58.382718,2021
"April 19, 2021",2021-04-19,,The Metaverse is Coming. NVIDIA CEO Jensen Huang on the Fusion of Virtual and Physical Worlds,https://time.com/5955412/artificial-intelligence-nvidia-jensen-huang/,article,https://s3.amazonaws.com/cms.ipressroom.com/219/files/20241/65d67b653d6332621d50c457_BMW+Factory+Sim+In+the+News/BMW+Factory+Sim+In+the+News_mid.jpg,2026-02-08T18:52:58.382831,2021
"April 16, 2021",2021-04-16,,NVIDIA and Schrödinger Deal Could Speed Drug Discovery Globally,https://www.htworld.co.uk/news/nvidia-and-schrodinger-deal-could-speed-drug-discovery-globally/,article,https://s3.amazonaws.com/cms.ipressroom.com/219/files/20241/65d67bba3d6332bde950c2b2_Schrodinger+In+the+News/Schrodinger+In+the+News_mid.jpg,2026-02-08T18:52:58.382949,2021
"April 13, 2021",2021-04-13,,Swiss AI Supercomputer to Use New NVIDIA ARM Chip,https://www.eenewseurope.com/news/swiss-ai-supercomputer-use-new-nvidia-arm-chip,article,https://s3.amazonaws.com/cms.ipressroom.com/219/files/20241/65d67f643d6332bde850bb32_Swiss+Supercomputer+In+the+News/Swiss+Supercomputer+In+the+News_mid.png,2026-02-08T18:52:58.383061,2021
"April 12, 2021",2021-04-12,,100 Best Companies to Work For [NVIDIA #12],https://fortune.com/company/nvidia/best-companies/,article,https://s3.amazonaws.com/cms.ipressroom.com/219/files/20241/65cff2b13d6332dd4f87b300_Voyager+Interior+In+the+News/Voyager+Interior+In+the+News_mid.jpg,2026-02-08T18:52:58.383509,2021
"April 12, 2021",2021-04-12,,NVIDIA Teams with Telecom Firms for AI-on-5G Developments,https://www.fiercewireless.com/wireless/nvidia-teams-telecom-firms-for-ai-5g-developments,article,https://s3.amazonaws.com/cms.ipressroom.com/219/files/20241/65d67ff83d6332bde950c3a6_AI-on-5G+In+the+News/AI-on-5G+In+the+News_mid.png,2026-02-08T18:52:58.383398,2021
"April 12, 2021",2021-04-12,,NVIDIA Announces First Data Center CPU,https://www.cnbc.com/video/2021/04/12/nvidia-announces-first-data-center-cpu.html,article,https://s3.amazonaws.com/cms.ipressroom.com/219/files/20241/65d67fb73d6332bde950c395_Grace+CPU+In+the+News/Grace+CPU+In+the+News_mid.png,2026-02-08T18:52:58.383284,2021
"April 12, 2021",2021-04-12,,NVIDIA CFO Says Revenue Will Top First-Quarter Guidance,https://www.barrons.com/articles/nvidia-revenue-will-top-first-quarter-guidance-51618263490,article,https://s3.amazonaws.com/cms.ipressroom.com/219/files/20240/65baf86e3d6332f25edb7d9e_NVIDIA+Campus+In+the+News/NVIDIA+Campus+In+the+News_mid.jpg,2026-02-08T18:52:58.383175,2021
"March 11, 2021",2021-03-11,,"If You Love AI, Do Not Miss NVIDIA GTC This Year!",https://www.forbes.com/sites/karlfreund/2021/03/10/if-you-love-ai-do-not-miss-nvidia-gtc-this-year/?sh=2d48b3ce5641,article,https://s3.amazonaws.com/cms.ipressroom.com/219/files/20241/65d683a83d6332bddd50a6b9_GTC21+Speakers+In+the+News/GTC21+Speakers+In+the+News_mid.jpg,2026-02-08T18:52:58.383619,2021
"March 9, 2021",2021-03-09,,NVIDIA and Harvard Researchers Use AI to Make Genome Analysis Faster and Cheaper,https://www.engadget.com/nvidia-harvard-ai-genomics-201226236.html,article,https://s3.amazonaws.com/cms.ipressroom.com/219/files/20241/65d686543d6332bde850bc26_Harvard+In+the+News/Harvard+In+the+News_mid.png,2026-02-08T18:52:58.383952,2021
"March 9, 2021",2021-03-09,,The 10 Most Innovative Gaming Companies of 2021,https://www.fastcompany.com/90600212/gaming-most-innovative-companies-2021,article,https://s3.amazonaws.com/cms.ipressroom.com/219/files/20241/65d685fd3d6332bde950c4ad_30+Series+In+the+News/30+Series+In+the+News_mid.png,2026-02-08T18:52:58.383838,2021
"March 9, 2021",2021-03-09,,VMware-NVIDIA Alliance Expands With New vSphere GPU Support,https://www.crn.com/news/data-center/vmware-nvidia-alliance-expands-with-new-vsphere-gpu-support,article,https://s3.amazonaws.com/cms.ipressroom.com/219/files/20241/65d6858e3d6332bdd950a5fb_VMWare+In+the+News/VMWare+In+the+News_mid.png,2026-02-08T18:52:58.383729,2021
"February 4, 2021",2021-02-04,,NVIDIA Celebrates GeForce NOW’s 1-Year Anniversary with 14 New Games and Killer Streaming Stats,https://hothardware.com/news/nvidia-geforce-now-1-year-anniversary-and-gfn-thursday-games,article,https://s3.amazonaws.com/cms.ipressroom.com/219/files/20241/65d686903d6332bddf50a76b_GFN+1+Yr+In+the+News/GFN+1+Yr+In+the+News_mid.png,2026-02-08T18:52:58.384063,2021
"January 29, 2021",2021-01-29,,Disney Releases Interactive Short 'Baymax Dreams' on GeForce NOW,https://www.engadget.com/baymax-dreams-interactive-short-geforce-now-sundance-film-festival-105521721.html?guccounter=1,article,https://s3.amazonaws.com/cms.ipressroom.com/219/files/20241/65d686e43d6332bde750b4b0_Baymax+In+the+News/Baymax+In+the+News_mid.png,2026-02-08T18:52:58.384175,2021
"January 14, 2021",2021-01-14,,CES 2021: NVIDIA Announces 30 Series Gaming Laptops,https://www.laptopmag.com/news/ces-2021-nvidia-announces-30-series-gaming-laptops,article,https://s3.amazonaws.com/cms.ipressroom.com/219/files/20241/65d6871c3d6332bde750b4b5_30+Series+Laptops+In+the+News/30+Series+Laptops+In+the+News_mid.jpg,2026-02-08T18:52:58.384286,2021
"December 16, 2020",2020-12-16,,NVIDIA’s Chips Have Powered Nearly Every Major AI Breakthrough,https://www.forbes.com/sites/stephenmcbride1/2020/12/15/nvidias-chips-have-powered-nearly-every-major-ai-breakthrough/?sh=1ef2b5a24cb2,article,https://s3.amazonaws.com/cms.ipressroom.com/219/files/20241/65d7a2f63d6332b30950a3a5_A100+In+the+News/A100+In+the+News_mid.jpg,2026-02-08T18:52:52.210157,2020
"December 16, 2020",2020-12-16,,NVIDIA’s Chips Have Powered Nearly Every Major AI Breakthrough,?year=2026,article,https://s3.amazonaws.com/cms.ipressroom.com/219/files/20241/65d7a2f63d6332b30950a3a5_A100+In+the+News/A100+In+the+News_mid.jpg,2026-02-08T18:52:52.209783,2020
"November 19, 2020",2020-11-19,,NVIDIA to Bring ‘Fortnite’ Back to iPhones Amid Epic’s App Store Fight,https://www.wsj.com/articles/nvidia-to-bring-fortnite-back-to-iphones-amid-epics-app-store-fight-11605818378?mod=searchresults_pos1&page=1,article,https://s3.amazonaws.com/cms.ipressroom.com/219/files/20241/65d7a3633d6332b26b50a460_Fortnite+iOS+In+the+News/Fortnite+iOS+In+the+News_mid.png,2026-02-08T18:52:52.210284,2020
"November 19, 2020",2020-11-19,,THE BEST INVENTIONS OF 2020: NVIDIA GeForce Now,https://time.com/collection/best-inventions-2020/5911355/geforce-now/,article,https://s3.amazonaws.com/cms.ipressroom.com/219/files/20241/65d7a3bd3d6332b26b50a46e_GFN+In+the+News/GFN+In+the+News_mid.jpg,2026-02-08T18:52:52.210407,2020
"November 16, 2020",2020-11-16,,NVIDIA Outperforms Itself Once Again,https://www.forbes.com/sites/moorinsights/2020/11/16/nvidia-outperforms-itself-once-again/?sh=57b71ebd2c93,article,https://s3.amazonaws.com/cms.ipressroom.com/219/files/20240/65bafa0b3d63323b75dba5ff_NVIDIA+Voyager+In+the+News/NVIDIA+Voyager+In+the+News_mid.jpg,2026-02-08T18:52:52.210523,2020
"October 27, 2020",2020-10-27,,NVIDIA GeForce RTX 3070 Review,https://www.techradar.com/reviews/nvidia-geforce-rtx-3070,article,https://s3.amazonaws.com/cms.ipressroom.com/219/files/20241/65d7a6d83d6332621d50d6a0_3070+In+the+News/3070+In+the+News_mid.jpg,2026-02-08T18:52:52.210635,2020
"October 22, 2020",2020-10-22,,NVIDIA Makes a Clean Sweep of MLPerf Predictions Benchmark for Artificial Intelligence,https://www.zdnet.com/article/nvidia-makes-a-clean-sweep-of-mlperf-predictions-benchmark-for-artificial-intelligence/#ftag=RSSbaffb68,article,https://s3.amazonaws.com/cms.ipressroom.com/219/files/20241/65d7a3f43d6332621d50d63e_Xavier+In+the+News/Xavier+In+the+News_mid.png,2026-02-08T18:52:52.210747,2020
"October 16, 2020",2020-10-16,,"NVIDIA Will Power World’s Fastest AI Supercomputer, to be Located in Europe",https://techcrunch.com/2020/10/15/nvidia-will-power-worlds-fastest-ai-supercomputer-to-be-located-in-europe/,article,https://s3.amazonaws.com/cms.ipressroom.com/219/files/20241/65d7a4503d6332b30950a3cd_Cineca+In+the+News/Cineca+In+the+News_mid.jpg,2026-02-08T18:52:52.210860,2020
"October 9, 2020",2020-10-09,,How NVIDIA is Showing Us the World of Tomorrow,https://www.eweek.com/innovation/how-nvidia-is-showing-us-the-world-of-tomorrow,article,https://s3.amazonaws.com/cms.ipressroom.com/219/files/20241/65d7a88f3d6332bddf50a8c3_GTC20+Preview+In+the+News/GTC20+Preview+In+the+News_mid.png,2026-02-08T18:52:52.211090,2020
"October 9, 2020",2020-10-09,,NVIDIA to Build UK’s Most Powerful Supercomputer,https://www.ft.com/content/11c09bb0-a733-4ea5-b2c4-7600a96d6d7a?te=1&nl=dealbook&emc=edit_dk_20201006&FTCamp=engage/CAPI/email/Channel_Bulletin//B2B,article,https://s3.amazonaws.com/cms.ipressroom.com/219/files/20241/65d7a48a3d6332bde750b8df_Cambridge-1+Supercomputer+2+In+the+News/Cambridge-1+Supercomputer+2+In+the+News_mid.jpg,2026-02-08T18:52:52.211202,2020
"October 9, 2020",2020-10-09,,"One on One With Jensen Huang: NVIDIA, the Platform Company",https://www.nextplatform.com/2020/10/07/one-on-one-with-jensen-huang-nvidia-the-platform-company/,article,https://s3.amazonaws.com/cms.ipressroom.com/219/files/20241/65d7a7973d6332bdea50d7f0_GTC20+Jensen+In+the+News/GTC20+Jensen+In+the+News_mid.jpg,2026-02-08T18:52:52.210979,2020
"September 18, 2020",2020-09-18,,"Jensen Huang, the Chip Pioneer Strides to the Top",https://www.ft.com/content/f7e928dc-d633-4be9-b20f-dcdfc56d3415,article,https://s3.amazonaws.com/cms.ipressroom.com/219/files/20241/65bc17ea3d63323b75dbc2d5_Jensen+In+the+News/Jensen+In+the+News_mid.jpg,2026-02-08T18:52:52.211313,2020
"September 16, 2020",2020-09-16,,NVIDIA GeForce RTX 3080 Founders Edition Review: The Superman of GPUs,https://www.tweaktown.com/reviews/9582/nvidia-geforce-rtx-3080-founders-edition-the-superman-of-gpus/index.html#RTX-improvements,article,https://s3.amazonaws.com/cms.ipressroom.com/219/files/20241/65d7a59d3d6332b30950a3fe_3080+Founders+Edition+In+the+News/3080+Founders+Edition+In+the+News_mid.jpg,2026-02-08T18:52:52.211424,2020
"September 14, 2020",2020-09-14,,NVIDIA-Arm $40 Billion Deal Will Upend Entire Chip Industry,https://www.bloomberg.com/opinion/articles/2020-09-14/nvidia-nvda-40-billion-takeover-of-softbank-s-arm-will-upend-chip-industry?srnd=opinion,article,https://s3.amazonaws.com/cms.ipressroom.com/219/files/20240/65bafb2d3d6332f46edba57a_NVIDIA+Endeavor+In+the+News/NVIDIA+Endeavor+In+the+News_mid.jpg,2026-02-08T18:52:52.211535,2020
"September 2, 2020",2020-09-02,,NVIDIA Unveils GeForce RTX 3080 GPU With 28 Billion Transistors,https://venturebeat.com/2020/09/01/nvidia-unveils-geforce-rtx-3080-gpu-with-28-billion-transistors/,article,https://s3.amazonaws.com/cms.ipressroom.com/219/files/20241/65d7a6993d6332b26b50a4ba_3080+In+the+News/3080+In+the+News_mid.jpg,2026-02-08T18:52:52.211647,2020
"September 2, 2020",2020-09-02,,NVIDIA's Latest Chips Are an Industry Game Changer,https://www.bloomberg.com/opinion/articles/2020-09-01/nvidia-s-latest-chips-are-an-industry-game-changer?sref=cxri6dXI,article,https://s3.amazonaws.com/cms.ipressroom.com/219/files/20241/65d685fd3d6332bde950c4ad_30+Series+In+the+News/30+Series+In+the+News_mid.png,2026-02-08T18:52:52.211758,2020
"August 18, 2020",2020-08-18,,Chromebooks Get Huge Gaming Boost with NVIDIA GeForce NOW Beta,https://www.laptopmag.com/news/chromebooks-get-huge-gaming-boost-with-nvidia-geforce-now-beta,article,https://s3.amazonaws.com/cms.ipressroom.com/219/files/20241/65d7c7283d6332b30950add7_GFN+Chromebook+In+the+News/GFN+Chromebook+In+the+News_mid.png,2026-02-08T18:52:52.211874,2020
"August 14, 2020",2020-08-14,,"How NVIDIA Built Selene, the World's Seventh-Fastest Computer, in Three Weeks",https://www.zdnet.com/article/how-nvidia-built-selene-the-worlds-seventh-fastest-computer-in-three-weeks/,article,https://s3.amazonaws.com/cms.ipressroom.com/219/files/20241/65d7c7793d6332b26b50abdf_Selene+In+the+News/Selene+In+the+News_mid.png,2026-02-08T18:52:52.211996,2020
"July 8, 2020",2020-07-08,,NVIDIA's Ampere GPUs Come to Google Cloud,https://techcrunch.com/2020/07/07/nvidias-ampere-gpus-come-to-google-cloud/?guccounter=1,article,https://s3.amazonaws.com/cms.ipressroom.com/219/files/20241/65d7a2f63d6332b30950a3a5_A100+In+the+News/A100+In+the+News_mid.jpg,2026-02-08T18:52:52.212111,2020
"June 29, 2020",2020-06-29,,Top CEOs of 2020: How the CEO of Nvidia Navigated the Covid Crisis,https://www.barrons.com/articles/barrons-top-ceos-2020-nvidias-jensen-huang-51593220911,article,https://s3.amazonaws.com/cms.ipressroom.com/219/files/20241/65bc17ea3d63323b75dbc2d5_Jensen+In+the+News/Jensen+In+the+News_mid.jpg,2026-02-08T18:52:52.212223,2020
"June 29, 2020",2020-06-29,,An Infrastructure Arms Race is Fueling the Future of Gaming,https://www.wired.com/story/cloud-gaming-infrastructure-arms-race/,article,https://s3.amazonaws.com/cms.ipressroom.com/219/files/20241/65d7a3bd3d6332b26b50a46e_GFN+In+the+News/GFN+In+the+News_mid.jpg,2026-02-08T18:52:52.212336,2020
"June 23, 2020",2020-06-23,,Mercedes-Benz and NVIDIA Sign a Deal to Make Cars More Like iPhones,https://www.barrons.com/articles/mercedes-benz-nvidia-sign-deal-to-make-cars-more-like-iphones-51592933400,article,https://s3.amazonaws.com/cms.ipressroom.com/219/files/20241/65d7c9863d6332bdd450a6a7_Mercedes+Benz+NV+In+the+News/Mercedes+Benz+NV+In+the+News_mid.png,2026-02-08T18:52:52.212446,2020
"June 22, 2020",2020-06-22,,Computer Makers Unveil 50 AI Servers with NVIDIA's A100 GPUs,https://venturebeat.com/2020/06/22/computer-makers-unveil-50-ai-servers-with-nvidias-a100-gpus/,article,https://s3.amazonaws.com/cms.ipressroom.com/219/files/20241/65d7ca863d6332bde750bc7e_Selene+Option+2+In+the+News/Selene+Option+2+In+the+News_mid.png,2026-02-08T18:52:52.212554,2020
"June 22, 2020",2020-06-22,,Nvidia Just Made a Huge Leap in Supercomputing Power,https://global.techradar.com/en-za/news/nvidia-just-made-a-huge-leap-in-supercomputing-power,article,https://s3.amazonaws.com/cms.ipressroom.com/219/files/20241/202402222312/65d7d4e03d6332b30950b073_A100+PCIe+GPU+In+the+News/A100+PCIe+GPU+In+the+News_mid.png,2026-02-08T18:52:52.212663,2020
"May 22, 2020",2020-05-22,,Nvidia’s GameGAN Generates Games Like Pac-Man by Watching Videos,https://venturebeat.com/2020/05/22/nvidias-gamegan-generates-games-like-pac-man-by-watching-videos/,article,https://s3.amazonaws.com/cms.ipressroom.com/219/files/20241/65d7ccc13d6332bde550b2e1_GameGAN+In+the+News/GameGAN+In+the+News_mid.png,2026-02-08T18:52:52.212776,2020
"May 20, 2020",2020-05-20,,NVIDIA’s Virtual GTC 2020 Keynote: A Look at Best Practices,https://www.itbusinessedge.com/blogs/unfiltered-opinion/nvidia-virtual-gtc-2020.html,article,https://s3.amazonaws.com/cms.ipressroom.com/219/files/20241/65d912b13d6332dee6827f36_GTC+San+Jose+In+the+News/GTC+San+Jose+In+the+News_mid.png,2026-02-08T18:52:52.212894,2020
"May 14, 2020",2020-05-14,,NVIDIA Unifies AI Compute With “Ampere” GPU,https://www.nextplatform.com/2020/05/14/nvidia-unifies-ai-compute-with-ampere-gpu/,article,https://s3.amazonaws.com/cms.ipressroom.com/219/files/20241/65d7a2f63d6332b30950a3a5_A100+In+the+News/A100+In+the+News_mid.jpg,2026-02-08T18:52:52.213011,2020
"May 14, 2020",2020-05-14,,NVIDIA Unleashes Disruptive Ampere GPU Architecture and DGX A100 Supercomputers to Power Next-Gen AI Data Centers,https://www.forbes.com/sites/marcochiappetta/2020/05/14/nvidia-unleashes-disruptive-ampere-gpu-architecture-and-dgx-a100-supercomputers-to-power-next-gen-ai-data-centers/#6f52ba011324,article,https://s3.amazonaws.com/cms.ipressroom.com/219/files/20241/65d7cf363d6332bde950d1a6_DGX+A100+Inside+In+the+News/DGX+A100+Inside+In+the+News_mid.jpg,2026-02-08T18:52:52.213121,2020
"May 14, 2020",2020-05-14,,NVIDIA Launches Early Access for Omniverse Computer Graphics and Simulation Platform,https://venturebeat.com/2020/05/14/nvidia-launches-early-access-for-omniverse-computer-graphics-and-simulation-platform/,article,https://s3.amazonaws.com/cms.ipressroom.com/219/files/20241/65d7d5dd3d6332b30950b196_Omniverse+Early+Access+In+the+News/Omniverse+Early+Access+In+the+News_mid.jpg,2026-02-08T18:52:52.213232,2020
"May 14, 2020",2020-05-14,,NVIDIA's New Data Center GPU Packs 20 Times the Performance of Its Predecessor,https://www.cnet.com/news/nvidias-new-data-center-gpu-packs-20-times-the-performance-of-its-predecessor/,article,https://s3.amazonaws.com/cms.ipressroom.com/219/files/20241/65d7ceaa3d6332621d50decc_DGX+A100+In+the+News/DGX+A100+In+the+News_mid.jpg,2026-02-08T18:52:52.213342,2020
"May 14, 2020",2020-05-14,,NVIDIA launches chip aimed at data center economics,https://uk.reuters.com/article/us-nvidia-tech-data-center/nvidia-launches-chip-aimed-at-data-center-economics-idUKKBN22Q25L,article,https://s3.amazonaws.com/cms.ipressroom.com/219/files/20241/65d7a2f63d6332b30950a3a5_A100+In+the+News/A100+In+the+News_mid.jpg,2026-02-08T18:52:52.213451,2020
"May 1, 2020",2020-05-01,,NVIDIA’s Top Scientist Develops Open-Source Ventilator That Can Be Built With $400 in Readily Available Parts,https://techcrunch.com/2020/05/01/nvidias-top-scientist-develops-open-source-ventilator-that-can-be-built-with-400-in-readily-available-parts/,article,https://s3.amazonaws.com/cms.ipressroom.com/219/files/20241/65d7ce043d6332bdda50a6ad_Ventilator+In+the+News/Ventilator+In+the+News_mid.png,2026-02-08T18:52:52.213561,2020
"April 28, 2020",2020-04-28,,Nvidia’s Mellanox Deal Won China OK in Face of Rival Opposition,https://www.bloomberg.com/news/articles/2020-04-27/nvidia-s-mellanox-deal-won-china-ok-in-face-of-rival-opposition,article,https://s3.amazonaws.com/cms.ipressroom.com/219/files/20241/65cff3c83d6332db7f87b2e1_Aerial+In+the+News/Aerial+In+the+News_mid.jpg,2026-02-08T18:52:52.213673,2020
"April 27, 2020",2020-04-27,,NVIDIA CEO Talks Closing on $7 Billion Mellanox Deal,https://www.cnbc.com/video/2020/04/27/nvidia-ceo-talks-closing-on-7-billion-mellanox-deal.html,article,https://s3.amazonaws.com/cms.ipressroom.com/219/files/20241/65d7a7973d6332bdea50d7f0_GTC20+Jensen+In+the+News/GTC20+Jensen+In+the+News_mid.jpg,2026-02-08T18:52:52.213785,2020
"April 14, 2020",2020-04-14,,"Minecraft with RTX Launches April 16, and It is Breathtaking",https://venturebeat.com/2020/04/14/minecraft-with-rtx-launches-april-16-and-it-is-breathtaking/,article,https://s3.amazonaws.com/cms.ipressroom.com/219/files/20241/65d7ee433d6332bdea50e3f7_Minecraft+Beta+In+the+News/Minecraft+Beta+In+the+News_mid.jpg,2026-02-08T18:52:52.213900,2020
"April 2, 2020",2020-04-02,,NVIDIA Unveils New High-End Notebook GPUs and More,https://www.thestreet.com/investing/nvidia-unveils-new-high-end-notebook-gpus-rtx-2080-super-rtx-2070-super,article,https://s3.amazonaws.com/cms.ipressroom.com/219/files/20241/65d7ee6c3d6332621d50e8f8_20+Series+Laptops+In+the+News/20+Series+Laptops+In+the+News_mid.png,2026-02-08T18:52:52.214019,2020
"March 23, 2020",2020-03-23,,"NVIDIA kicks off 150 talks for 30,000 developers with online-only GTC event from March 25",https://venturebeat.com/2020/03/23/nvidia-kicks-off-150-talks-for-30000-developers-with-online-only-gtc-event-march-25-to-april-2/,article,https://s3.amazonaws.com/cms.ipressroom.com/219/files/20241/65d7eeb53d6332b30950c5e9_GTC20+In+the+News/GTC20+In+the+News_mid.png,2026-02-08T18:52:52.214129,2020
"March 23, 2020",2020-03-23,,NVIDIA makes its GPU-powered genome sequencing tool available free to those studying COVID-19,https://techcrunch.com/2020/03/19/nvidia-makes-its-gpu-powered-genome-sequencing-tool-available-free-to-those-studying-covid-19/,article,https://s3.amazonaws.com/cms.ipressroom.com/219/files/20241/65d7ef283d6332b30950c5f1_Covid+In+the+News/Covid+In+the+News_mid.png,2026-02-08T18:52:52.214240,2020
"March 23, 2020",2020-03-23,,"NVIDIA's faster, better DLSS 2.0 could be a game-changer",https://www.pcworld.com/article/3533463/nvidias-faster-better-dlss-20-could-be-a-game-changer.html#tk.rss_componentsgraphics,article,https://s3.amazonaws.com/cms.ipressroom.com/219/files/20241/65d7ef6d3d6332b26b50bc6b_DLSS+2.0+In+the+News/DLSS+2.0+In+the+News_mid.png,2026-02-08T18:52:52.214349,2020
"March 23, 2020",2020-03-23,,"DirectX 12 Ultimate brings ray tracing to the Xbox Series X, PCs, and beyond",https://www.digitaltrends.com/computing/directx-12-ultimate-nvidia/,article,https://s3.amazonaws.com/cms.ipressroom.com/219/files/20241/65d90c743d6332cc54827e63_DirectX12+In+the+News/DirectX12+In+the+News_mid.png,2026-02-08T18:52:52.214459,2020
"March 16, 2020",2020-03-16,,America's Most Responsible Companies 2020 [NVIDIA #6],https://www.newsweek.com/americas-most-responsible-companies-2020,article,https://s3.amazonaws.com/cms.ipressroom.com/219/files/20240/65bafa0b3d63323b75dba5ff_NVIDIA+Voyager+In+the+News/NVIDIA+Voyager+In+the+News_mid.jpg,2026-02-08T18:52:52.214567,2020
"February 18, 2020",2020-02-18,,100 Best Companies to Work For [NVIDIA #27],https://fortune.com/best-companies/2020/nvidia/,article,https://s3.amazonaws.com/cms.ipressroom.com/219/files/20240/65baf86e3d6332f25edb7d9e_NVIDIA+Campus+In+the+News/NVIDIA+Campus+In+the+News_mid.jpg,2026-02-08T18:52:52.214676,2020
"February 5, 2020",2020-02-05,,Watch videos of robots being trained to act like humans in an Ikea kitchen that NVIDIA is using as a lab,https://www.businessinsider.com/an-inside-look-at-nvidias-next-generation-robotics-lab-2020-2#but-when-one-of-the-researchers-interrupted-the-robots-workflow-it-was-able-to-reassess-almost-immediately-and-get-back-on-track-6,article,https://s3.amazonaws.com/cms.ipressroom.com/219/files/20241/65d911fc3d6332cc378277d5_Seattle+Robotics+In+the+News/Seattle+Robotics+In+the+News_mid.jpg,2026-02-08T18:52:52.214788,2020
"February 4, 2020",2020-02-04,,Nvidia heats up cloud-gaming space with GeForce NOW,https://www.reuters.com/article/us-nvidia-geforce/nvidia-heats-up-cloud-gaming-space-with-geforce-now-idUSKBN1ZY27V,article,https://s3.amazonaws.com/cms.ipressroom.com/219/files/20241/65cc1e1f3d6332880c87d039_GFN+20+Mill+In+the+News/GFN+20+Mill+In+the+News_mid.png,2026-02-08T18:52:52.214922,2020
"February 4, 2020",2020-02-04,,"NVIDIA’s Play-Anywhere GeForce Now Service is Finally Here, and it Demolishes Google Stadia",https://www.pcworld.com/article/3518993/nvidias-play-anywhere-geforce-now-service-is-finally-here-and-it-demolishes-google-stadia.html,article,https://s3.amazonaws.com/cms.ipressroom.com/219/files/20241/65d7a3bd3d6332b26b50a46e_GFN+In+the+News/GFN+In+the+News_mid.jpg,2026-02-08T18:52:52.215035,2020
"January 7, 2020",2020-01-07,,"NVIDIA CES 2020 Game Ready Driver: Supports RTX For Wolfenstien: Youngblood, Variable Rate Super Sampling, Max Frame Rate Settings, 8 New G-SYNC Compatible Monitors",https://wccftech.com/nvidia-ces-2020-game-ready-driver-release-rtx-on/,article,https://s3.amazonaws.com/cms.ipressroom.com/219/files/20241/65d908f43d6332cc44827823_Wolfenstein+In+the+News/Wolfenstein+In+the+News_mid.jpg,2026-02-08T18:52:52.215148,2020
"January 7, 2020",2020-01-07,,NVIDIA unleashes the fastest displays in competitive gaming at CES 2020,https://www.techradar.com/news/nvidia-unleashes-the-fastest-displays-in-competitive-gaming,article,https://s3.amazonaws.com/cms.ipressroom.com/219/files/20241/65d913223d6332cc4f827a0c_CES20+360Hz+In+the+News/CES20+360Hz+In+the+News_mid.jpg,2026-02-08T18:52:52.215372,2020
"January 7, 2020",2020-01-07,,NVIDIA launches simulation platform for robots,https://venturebeat.com/2020/01/06/nvidia-launches-simulation-platform-for-robots/,article,https://s3.amazonaws.com/cms.ipressroom.com/219/files/20241/65d909923d6332cc508279f1_Toyota+Robot+In+the+News/Toyota+Robot+In+the+News_mid.jpg,2026-02-08T18:52:52.215262,2020
